shift_id,chauffeur_uuid,shift_date,shift_working_hours,hourly_rate_eur
S1,8d0c1f82-9618-5782-b254-4e4a0512a5cb,2024-10-12,8.00,35.00
S2,de3c72a5-29d5-5df8-b4d9-abfdd9946121,2024-10-12,4.00,44.00
S3,94c9ea93-04b5-5c3a-b34d-4c3ce1e17c94,2024-10-12,6.00,39.00
S4,1b82b5f8-1ee6-5d4c-b09c-5f8456e062fa,2024-10-12,8.00,50.00
S5,712fd395-3eb7-5afe-8541-4bba752935a4,2024-10-12,8.00,52.00
S6,c267d938-8531-5f57-9407-a1a562ce95ea,2024-10-12,8.00,41.00
S7,d172b7f6-8360-596d-8cb6-15dcc2d04b50,2024-10-12,10.00,47.00
S8,ddc47b19-4c34-5ef5-9310-4edc00d2722e,2024-10-12,9.00,40.00
S9,9154b2e9-e529-59c0-adfc-7ec8820aba53,2024-10-12,7.50,54.00
S10,aab4e616-f580-5751-99c6-794c3cd98a2a,2024-10-12,9.00,35.00
S11,87bebedb-fd6f-519d-b09b-8451c33672d9,2024-10-12,8.50,44.00
S12,18cad41e-c1e8-568d-8d69-0cfcfb5772f8,2024-10-12,8.00,39.00
S13,9dcc03f0-c2a3-5369-af3e-446afbd38d4b,2024-10-12,8.00,50.00
S14,4b3d5d97-c87a-5617-a6ea-f95f8d3cde94,2024-10-12,8.00,52.00
S15,4b47b377-2d42-5cb5-b6bb-07878e2025b4,2024-10-12,8.00,41.00
S16,0e3a3122-f0d8-5025-a099-de94b8206dd8,2024-10-12,6.75,47.00
S17,345118bd-ad70-58fb-960b-820cfccf8fff,2024-10-12,6.00,40.00
S18,60c2ce8c-7c8d-5577-83e0-eada073a4ff3,2024-10-12,5.50,54.00
S19,e8b17df3-7144-5d64-a5ec-d74d78441cce,2024-10-12,8.00,35.00
S20,e6313ff4-2179-53be-88d9-a678fece8038,2024-10-12,4.00,44.00
S21,dd546711-7e51-5ebb-969f-cfd296794bd4,2024-10-12,6.00,39.00
S22,caae09c8-65eb-5ff6-a2c7-128cd4ed3af5,2024-10-12,8.00,50.00
S23,4f78d7a4-f04b-5b90-b346-26f4b745448e,2024-10-12,8.00,52.00
S24,72b6b2e1-9dd0-551c-98dd-ca44d2753fe9,2024-10-12,8.00,41.00
S25,f7934ae5-dc3b-5766-bb15-60052e8b01f2,2024-10-12,10.00,47.00
S26,0c4698db-300c-544c-9ab7-7ef0e960c869,2024-10-12,9.00,40.00
S27,aa56ff53-d648-5fcd-8161-86184ba08729,2024-10-12,7.50,54.00
S28,a0f98df1-5a1a-5fbf-898e-331a0cb0c699,2024-10-12,9.00,35.00
S29,e1c7e0bd-1374-583a-9018-809db421f43f,2024-10-12,8.50,44.00
S30,607077ad-3e44-58ec-8415-e1d2a7d6f57b,2024-10-12,8.00,39.00
S31,212c6561-8d94-5022-a4a3-d787e04f2233,2024-10-12,8.00,50.00
S32,997f9fd5-abed-5159-b301-4a8ee83dd78d,2024-10-12,8.00,52.00
S33,b03b2fba-7c33-52d9-b40e-135c338205d2,2024-10-12,8.00,41.00
S34,8ad78d44-2766-57d1-a404-bab1a6811b3d,2024-10-12,6.75,47.00
S35,2e510567-c4e8-577b-a2cb-095c9bf4cb91,2024-10-12,6.00,40.00
S36,d837a8fe-33d1-5b4e-9b10-d9beda946f52,2024-10-12,5.50,54.00
S37,c926e850-ea2e-5280-9e81-4d2316f1df55,2024-10-12,8.00,35.00
S38,37130a78-7bc9-5096-8c1f-821dc36673fc,2024-10-12,8.00,44.00
S39,073e7307-5b0e-5849-879b-a0af68b83097,2024-10-12,8.00,39.00
S40,01fa2c55-7f11-5f3b-9210-d44d0482c7c1,2024-10-12,10.00,50.00
S41,52548a7a-2f2b-5189-8d66-31f5eaa0e476,2024-10-12,9.00,52.00
S42,79299941-d808-5d1b-a0f9-edac07f498da,2024-10-12,7.50,41.00
S43,cc526969-c5be-5529-8e8d-b1a43d4591ab,2024-10-12,9.00,47.00
S44,7c8aa6a2-705d-5377-9083-db8b178157eb,2024-10-12,8.50,40.00
S45,4426af91-03e6-5ab0-8da7-c0ace0118bb7,2024-10-12,8.00,54.00
S46,25b0ae50-0a9a-584e-af36-9b8c2668ef6e,2024-10-12,8.00,39.00
S47,1e5d320e-5432-57c4-9c54-7ed4449a27be,2024-10-12,8.00,50.00
S48,96e16619-6ce5-55b9-8822-a7c85896a124,2024-10-12,8.00,52.00
S49,d0b5545e-0631-5bfc-989c-e76e5223a061,2024-10-12,6.75,41.00
S50,bd3563f3-699d-5bea-bbf0-966004fabc2e,2024-10-12,6.00,47.00
S51,40ee165a-888f-593e-b457-39e0f8339e23,2024-10-12,5.50,40.00
S52,3a5a01ec-ebbb-53b7-a256-8c39e17e4f74,2024-10-12,8.00,54.00
S53,bc7d76fa-2097-5928-8b56-5c30fa83d71e,2024-10-12,4.00,35.00
S54,c10ee50e-0838-58fc-a8ef-d20de2c52258,2024-10-12,6.00,44.00
S55,28f725d2-2678-5808-a7ad-4446ad6aa1c3,2024-10-12,8.00,39.00
S56,d6472147-0bb6-5180-b5cc-0ba80ee50d00,2024-10-12,8.00,50.00
S57,62777e35-eda0-541e-b9b7-682c224593a2,2024-10-12,8.00,52.00
S58,8e413f23-e2c7-5c27-90af-27ca4e8e1aca,2024-10-12,10.00,41.00
S59,685655f4-7e1b-56f9-a9a7-9ffb4fadc4b6,2024-10-12,9.00,47.00
S60,31862d29-a8b5-58e7-9a1e-23386e7d3c93,2024-10-12,7.50,40.00
S61,5fbe6af0-36e2-5be6-b2db-1c4ec5991924,2024-10-12,9.00,54.00
S62,77e4b23b-2ce5-5ac7-90f7-02795c0ef76e,2024-10-12,8.50,35.00
S63,f380844a-a359-5512-9e1d-33ee968feee9,2024-10-12,8.00,44.00
S64,97203184-068f-53d3-9d14-e26788cdad44,2024-10-12,8.00,39.00
S65,3e6dbc4f-c09c-5654-95da-6484f8bc16e2,2024-10-12,8.00,50.00
S66,226a53d3-d883-5389-b190-cb2508bb9b87,2024-10-12,8.00,52.00
S67,56223ffc-43dc-5b05-a380-3a7314afeff8,2024-10-12,6.75,41.00
S68,2be87df4-5e73-518a-a7d2-c3eb5502e66e,2024-10-12,6.00,47.00
S69,9ea06bc8-accf-50b6-a42a-5176d21fe10d,2024-10-12,5.50,40.00
S70,20dd4eb1-7ffe-5563-aebd-b2a6f8da9420,2024-10-12,8.00,54.00
S71,1852d146-6ae4-590d-a5f9-3db37f70cf5e,2024-10-12,8.00,35.00
S72,3eadf9fc-bef6-5f4c-94dc-697035e8d23c,2024-10-12,8.00,44.00
S73,fab8f4c4-b6e0-5dc1-a7c7-4813a99d2009,2024-10-12,8.00,39.00
S74,1d5fdfbb-9ef3-53fd-87ed-84e199179c45,2024-10-12,10.00,50.00
S75,f07d4c2e-79e3-5ef0-82da-6cf18c6a3e05,2024-10-12,9.00,52.00
S76,0d7e77a1-801b-5673-ac4b-6f8dc727289c,2024-10-12,7.50,39.00
S77,a48ae2f0-7a11-53bf-abd9-2e8aae4a6444,2024-10-12,9.00,50.00
S78,5b22f26c-9a85-5ee3-90e7-37b227889f2f,2024-10-12,8.50,52.00
S79,5c1851e0-fdf7-5bf9-8222-c668864a67e0,2024-10-12,8.00,41.00
S80,18a72e05-d46b-5769-93f6-88b937cdb396,2024-10-12,8.00,47.00
S81,1961bee4-6f75-51ef-aa59-1eddf80d12ec,2024-10-12,8.00,40.00
S82,f1477fe2-5831-5af1-b191-323c5ec5186a,2024-10-12,8.00,54.00
S83,81cf70d5-6488-5009-9a98-739b2988de26,2024-10-12,6.75,35.00
S84,1d26b570-a0d0-5e42-8526-bf2f77a02da3,2024-10-12,6.00,44.00
S85,e261d4c3-73e3-5d2e-9683-ed78a4d99d97,2024-10-12,5.50,39.00
S86,23cff86d-0fc2-5e21-8300-a7622bb382e0,2024-10-12,8.00,50.00
S87,4ac4fb69-6441-59ee-aa70-6de8c422aef0,2024-10-12,4.00,52.00
S88,49e86a46-d7cf-5e79-9bd4-5c7d1b24dd3f,2024-10-12,6.00,41.00
S89,693f7d40-d6e8-5a01-849c-c1f830ec05f8,2024-10-12,8.00,47.00
S90,2224c9a1-7046-5f12-8675-775c5a07aee8,2024-10-12,8.00,40.00
S91,6fdf60c4-4404-50ef-b8df-3ac972ae24b1,2024-10-12,8.00,54.00
S92,d0622c0f-7d94-5e2f-a0c0-0e9e14e5993a,2024-10-12,10.00,35.00
S93,166febb6-cae5-59d6-a5bc-9d13b68c61e4,2024-10-12,9.00,44.00
S94,9879501c-934b-5d82-b980-730f1df19b01,2024-10-12,7.50,39.00
S95,1695560c-59cc-5b25-8ffa-f93350ccedbe,2024-10-12,9.00,50.00
S96,93030cee-1b9c-514b-a52c-272c82aafdb8,2024-10-12,8.50,52.00
S97,3f0a7fdc-2849-57b3-bb0a-09c8dc09874e,2024-10-12,8.00,41.00
S98,e5e40349-7127-5edf-a406-58e4fe48a320,2024-10-12,8.00,47.00
S99,a6902342-08b9-56de-8ae3-dd7bb35109be,2024-10-12,8.00,40.00
S100,f6171523-3ba1-5637-8bd1-486da0cf1adb,2024-10-12,8.00,54.00
S101,960f0d67-b53c-5432-8b66-67c9c63cd03d,2024-10-12,6.75,35.00
S102,c4f4807a-b2be-5ab4-a676-4b125c4976bc,2024-10-12,6.00,44.00
S103,0f1a57e5-405f-5811-a85e-d1a8ec31f315,2024-10-12,5.50,39.00
S104,8e49bce6-b591-5ad3-9bff-81fae4a29a1b,2024-10-12,8.00,50.00
S105,2bfe8ab4-bb7a-5a52-8641-9a43db798d6a,2024-10-12,8.00,52.00
S106,12fff6eb-5f4a-56ed-b895-434410db2aea,2024-10-12,8.00,39.00
S107,7b1942e0-3d78-5c04-946a-08c6959d53fb,2024-10-12,10.00,50.00
S108,51e6ecda-9cf9-5849-8963-cf76c04b987a,2024-10-12,9.00,52.00
S109,ff70a41e-2df0-5330-a622-8387f111d468,2024-10-12,7.50,41.00
S110,daf6f8f9-e55c-5d4c-9fc0-c6129a83567f,2024-10-12,9.00,47.00
S111,fab43757-d1c3-59ca-abbb-cbeee99c169d,2024-10-12,8.50,40.00
S112,fac8209d-1a5a-54d6-a721-6922888b45bd,2024-10-12,8.00,54.00
S113,6ad36a12-8ecd-531b-a28c-9d4cb1470632,2024-10-12,8.00,35.00
S114,78f5bbea-863e-53ea-8b5d-ef7a4aa0fccf,2024-10-12,8.00,44.00
S115,752e31d5-9dca-5f00-917e-27de12072ba0,2024-10-12,8.00,39.00
S116,e29ee7da-9b37-58f2-b0ae-ec977354bc3e,2024-10-12,6.75,50.00
S117,d1fac58b-fd42-569d-9bc4-58d807026f7e,2024-10-12,6.00,52.00
S118,ac9676ea-c62a-576c-9da9-f8ada5acad43,2024-10-12,5.50,41.00
S119,85d4431a-53e0-54d1-9585-a3aa834dc243,2024-10-12,8.00,47.00
S120,13fdc6f1-0eb9-58aa-80db-f872f2ecfad4,2024-10-12,4.00,40.00
S121,af01ff7e-4f94-5cc8-b743-6d76ab90a4fe,2024-10-12,6.00,54.00
S122,aaa461d0-069d-53d6-ad62-d8436f80dc33,2024-10-12,8.00,35.00
S123,97639763-1b87-5422-ba1a-f5d81499e51e,2024-10-12,8.00,44.00
S124,ce71235b-55dc-5d81-ab65-85109bc068a6,2024-10-12,8.00,39.00
S125,07b7ed3b-7146-53e9-ae73-95d6b13b55fc,2024-10-12,10.00,50.00
S126,6599839b-7a9a-560b-936d-761acde6a3f9,2024-10-12,9.00,52.00
S127,48287659-f85c-5b73-ab43-79b7f27122f0,2024-10-12,7.50,41.00
S128,550c652b-e81e-5419-8b43-7a75f2d85117,2024-10-12,9.00,47.00
S129,87c81205-f5c1-545a-b84d-acd20a55144b,2024-10-12,8.50,40.00
S130,320444f0-9f30-52af-834c-b96e4e65f667,2024-10-12,8.00,54.00
S131,a1b00c13-3da4-5d54-ba9a-00eebd942d3e,2024-10-12,8.00,35.00
S132,ff9d1dfb-203b-5a70-a8ab-71230f5534d4,2024-10-12,8.00,44.00
S133,371a37af-2859-50da-af8a-75b26fc0d35c,2024-10-12,8.00,39.00
S134,0934fae9-d9fc-5183-898f-a9c1bc058edc,2024-10-12,6.75,50.00
S135,c066897b-8152-5cde-aede-985b2e76a0a2,2024-10-12,6.00,52.00
S136,bb912ee7-3a49-52d5-85f0-5bb6c46693c8,2024-10-12,5.50,39.00
S137,ff6e698d-60d4-5ec1-a5dd-abbbccf62df6,2024-10-12,8.00,50.00
S138,f085a8cd-177b-5f8f-b558-fc65e8413058,2024-10-12,8.00,52.00
S139,07c147cc-d554-570e-b6e4-4d18258d1b7b,2024-10-12,8.00,41.00
S140,f312db39-f4a6-5a4b-8f6e-b9fcbe959d35,2024-10-12,8.00,47.00
S141,444cdbca-03c7-584c-b8b9-edb0506e1fe2,2024-10-12,10.00,40.00
S142,e0d3ab53-7f64-50a1-af1e-b1fd0d18d2c9,2024-10-12,9.00,54.00
S143,bec4ea6b-0744-5e40-8846-0cd3ea1e79e7,2024-10-12,7.50,35.00
S144,52472cb1-db3e-5d29-a697-e7d27f85da99,2024-10-12,9.00,44.00
S145,41ba7e10-c1f8-5372-8ac6-5084a2772719,2024-10-12,8.50,39.00
S146,e91aa4b0-b6a2-5d10-8c02-4ca781cd15b1,2024-10-12,8.00,50.00
S147,563bf847-079a-54d5-83fb-7a2d7ab58b30,2024-10-12,8.00,52.00
S148,0595cfa3-634d-5d26-a346-fcaae468b16a,2024-10-12,8.00,41.00
S149,2095a4d8-0583-52d7-a8f5-56cf1a0ea0bd,2024-10-12,8.00,47.00
S150,52a3dfd2-9925-543c-bbf1-fa930fa9579b,2024-10-12,6.75,40.00
S151,05ff3fbb-0008-515c-b6f1-9ef422c34990,2024-10-12,6.00,54.00
S152,5be08c72-7a6c-5d57-acfb-f11a55b2a919,2024-10-12,5.50,35.00
S153,ac273542-81fb-5f5e-9be0-5cd8d2b75b27,2024-10-12,8.00,44.00
S154,a064de66-746e-55f8-96b6-c9d8a4768edb,2024-10-12,4.00,39.00
S155,f5916fa8-104f-52c9-7f2a-d03a514cc9ff,2024-10-12,6.00,50.00
S156,7682145b-c7db-55d5-801b-55d4a0283d74,2024-10-12,8.00,52.00
S157,a048dd52-6b1e-5029-8cd4-9e2195321646,2024-10-12,8.00,41.00
S158,88ab6e22-1bec-5266-acf7-48eb5b2a0d2a,2024-10-12,8.00,47.00
S159,8e3a102b-ee9d-5582-a133-273c1ef6062f,2024-10-12,10.00,40.00
S160,5514b470-836c-518c-8a2f-c17d0b84b7af,2024-10-12,9.00,54.00
S161,827a3309-f2b1-5e8f-9132-17b4344ec7d2,2024-10-12,7.50,35.00
S162,f63b94ad-f62e-5ca2-91af-271b73296209,2024-10-12,9.00,44.00
S163,fb735740-a16a-519a-a6bf-d80c4d4479bc,2024-10-12,8.50,39.00
S164,bd51f37c-6ac6-5aa4-857c-06599e6b690f,2024-10-12,8.00,50.00
S165,72aa0588-5cfc-5825-957c-5e9f765c3835,2024-10-12,8.00,52.00
S166,95c90b58-e34e-55e1-8621-ef50bbad5f33,2024-10-12,8.00,39.00
S167,61d64cfd-2ea6-502c-beab-26fffad908b6,2024-10-12,8.00,50.00
S168,98ecd947-4915-574a-ac3d-feec6a70b727,2024-10-12,6.75,52.00
S169,f6db03db-184b-507b-b670-63a4581c53c7,2024-10-12,6.00,41.00
S170,b77a33d4-0564-520a-8ba9-8f248dc40815,2024-10-12,5.50,47.00
S171,edafcf07-9591-59cb-aefc-4d41ec6a7bad,2024-10-12,8.00,40.00
S172,529e57e7-ad31-5d63-a63d-67159c9e9b44,2024-10-12,8.00,54.00
S173,69367362-8c1b-55da-8f93-66aed6b0bfd6,2024-10-12,8.00,35.00
S174,06529323-dd1a-5ebb-9c70-01afb1a8f622,2024-10-12,10.00,44.00
S175,0cc5fe6a-e2d1-5580-8e62-3919a89c3d44,2024-10-12,9.00,39.00
S176,b410f704-503f-52f5-8781-3348a03bf5fe,2024-10-12,7.50,50.00
S177,f1338ad4-1e2f-5a10-7f1a-d8f6d49ebc80,2024-10-12,9.00,52.00
S178,f79268c7-1630-59ce-abf5-435434a7d23d,2024-10-12,8.50,41.00
S179,9c7cc9aa-2351-5717-a38f-2e67de414c5f,2024-10-12,8.00,47.00
S180,75507679-1956-5a20-b088-6848f379607c,2024-10-12,8.00,40.00
S181,d48c69e8-4374-51b3-b9b8-37f961d5df6d,2024-10-12,8.00,54.00
S182,f533dfec-1bc8-520a-984b-f80550f0e3b1,2024-10-12,8.00,35.00
S183,5798a639-189f-5b0f-87a6-af7395461e4c,2024-10-12,6.75,44.00
S184,e7653126-c2f2-5d25-981f-c82150b52570,2024-10-12,6.00,39.00
S185,6b16b5b4-dc30-5a5d-bd69-c6e31fbda4fb,2024-10-12,5.50,50.00
S186,3845d6ee-4573-51b7-8196-cfc9d931e302,2024-10-12,8.00,52.00
S187,4c9388c1-01e6-586d-929b-0976d3d3a34d,2024-10-12,4.00,41.00
S188,12a25cfd-76d4-5abc-a7bf-8106d9118b61,2024-10-12,6.00,47.00
S189,7e64c8ac-22fe-554c-bef3-5b14d0248abf,2024-10-12,8.00,40.00
S190,ee157267-b17a-5974-a320-dd2720959489,2024-10-12,8.00,54.00
S191,08ba135a-7e63-5208-a63f-bda01b4b9e7e,2024-10-12,8.00,35.00
S192,55d8e499-1bd4-5178-b6d6-43263856de55,2024-10-12,10.00,44.00
S193,d478e726-53cd-599d-b439-add102625842,2024-10-12,9.00,39.00
S194,71eaea13-5969-58d3-84b2-10403be170bc,2024-10-12,7.50,50.00
S195,b58bb22f-170d-58c5-a625-a9c0467532b5,2024-10-12,9.00,52.00
S196,09ae4523-b827-5548-b021-4073cbf4abaf,2024-10-12,8.50,35.00
S197,04f77f83-3460-5717-8171-985df1e8d972,2024-10-12,8.00,44.00
S198,4a2728bf-417a-5c38-ad89-8f33d262a8f9,2024-10-12,8.00,39.00
S199,8f4e5606-3574-5c04-a9ce-808d37e0df87,2024-10-12,8.00,50.00
S200,7052b058-e5c9-5622-a215-0cb68402f002,2024-10-12,8.00,52.00
S201,1350f678-9dac-5933-accd-e74d36cb5372,2024-10-12,6.75,41.00
S202,09dc8d9b-720d-5dca-99fb-eb4cf159b4d8,2024-10-12,6.00,47.00
S203,84f38b32-3af1-5324-bb69-e8962cbaebe5,2024-10-12,5.50,40.00
S204,3f9d6f8f-8bde-5587-a7b2-bd3ed72ad140,2024-10-12,8.00,54.00
S205,bf063e07-22bf-5013-8006-0943c961e38a,2024-10-12,8.00,35.00
S206,c30c695c-f1a9-5a2d-91b9-9524db84ad36,2024-10-12,8.00,44.00
S207,4702aab8-1038-5bc2-9131-fd523c9e1bfc,2024-10-12,8.00,39.00
S208,508b62d7-395e-59c6-b9e4-dcf4a7f334d4,2024-10-12,8.00,50.00
S209,ca24689a-0dd8-5882-a254-6c91b2e1c101,2024-10-12,8.00,52.00
S210,6b835836-171c-510e-9cbe-42e70c0d6090,2024-10-12,8.00,41.00
S211,b7ca9ee4-9dd4-55d0-890a-d7ff74dacfef,2024-10-12,8.00,47.00
S212,a7a9f6fd-695c-50dd-ad40-965fd3931292,2024-10-12,8.00,40.00
S213,4a7fa372-0a65-55c6-a26d-94f6bcc5c9fa,2024-10-12,8.00,54.00
S214,c81b3bc2-ba21-5e0a-b8bf-c4d9bbde6291,2024-10-12,8.00,35.00
S215,67a735b2-1884-56c5-9a33-05f9ce0ca405,2024-10-12,8.00,44.00
S216,f2715a00-914c-51c5-8852-5a78fa938707,2024-10-12,8.00,39.00
S217,71b19e0c-a870-50fc-b67f-25252ccbfbad,2024-10-12,8.00,50.00
S218,5bb1cbab-a212-577f-a429-eaea236af20e,2024-10-12,8.00,52.00
S219,2598e18d-239f-5826-bcdb-d35aeb998431,2024-10-12,8.00,41.00
S220,71d3d7dd-4ed3-5a70-9a00-96c580ba72aa,2024-10-12,10.00,47.00
S221,be6bfe26-1f95-538d-bbe9-441b6e40c2f2,2024-10-12,9.00,40.00
S222,fc8143a8-80ec-5bbe-a635-5157eb8a8dcc,2024-10-12,7.50,54.00
S223,2be16f64-39d4-5bd8-832b-bcbae50ff528,2024-10-12,9.00,35.00
S224,01728988-a540-5341-b32d-90ec27bf317a,2024-10-12,8.50,44.00
S225,0de477ff-e0c3-51a7-bd16-88a0e1dce69d,2024-10-12,8.00,39.00
S226,6638378b-a0ca-5e7d-a921-b31295b1db6a,2024-10-12,8.00,50.00
S227,34386d86-0090-5733-bb16-76480c5a0785,2024-10-12,8.00,52.00
S228,42a80849-56e9-5fb3-af1c-4c34231bff4b,2024-10-12,8.00,41.00
S229,27d73ece-e9ac-5159-7f66-83a2890db93e,2024-10-12,6.75,47.00
S230,ecb45c5e-c4b8-5ba5-9e7a-79bcf9ea9dbf,2024-10-12,6.00,40.00
S231,1b6f17b8-a298-5ddf-9048-bc99cc7dea23,2024-10-12,5.50,54.00
S232,6d31c87a-8706-5f8e-ab45-3c5647a531f7,2024-10-12,8.00,35.00
S233,3d8d55a7-7b9f-5844-8cee-4140926a7153,2024-10-12,4.00,44.00
S234,921c6113-65de-50c2-ac01-d71052b7fffe,2024-10-12,6.00,39.00
S235,627af754-9443-5c12-8cfc-36c96d620357,2024-10-12,8.00,50.00
S236,6f69cfe3-d176-593f-b004-d38c20694ec0,2024-10-12,8.00,52.00
S237,a7870e13-af63-517b-b05d-f7e0feba355b,2024-10-12,8.00,41.00
S238,f0fb23f8-d36e-599b-8592-6a33228714f9,2024-10-12,10.00,47.00
S239,a4320f91-0e9d-5913-be8b-55b9236b0fcd,2024-10-12,9.00,40.00
S240,b328bb06-c139-5376-97af-a5fcc2efe5a6,2024-10-12,7.50,54.00
S241,4a01b795-85ed-52fe-ad4f-9be0c87acb3f,2024-10-12,9.00,39.00
S242,d4d7c713-37f9-5e24-896c-21067722ee7c,2024-10-12,8.50,50.00
S243,83b415e5-dc45-5dea-a8f7-834caf5eb1a4,2024-10-12,8.00,52.00
S244,e1ce57cb-8f8f-592e-8c85-693ed254abd9,2024-10-12,8.00,41.00
S245,95ebd1b0-f247-5d91-881f-57d947dd579e,2024-10-12,8.00,47.00
S246,ccef2f07-e5b5-5efa-ba62-97c8ac960639,2024-10-12,8.00,40.00
S247,eb7cd9a6-5150-5469-897d-152c8e5ea927,2024-10-12,6.75,54.00
S248,1d785de3-f246-5ba1-b861-65592c90dca6,2024-10-12,6.00,35.00
S249,04b928f7-afd1-58c0-a8f2-b9f8059259fe,2024-10-12,5.50,44.00
S250,b8b34cee-ef6d-50a4-a411-609608d548e9,2024-10-12,8.00,39.00
S251,9b749fc1-e2b2-597f-b8cd-378ae565ea61,2024-10-12,8.00,50.00
S252,f6d8a094-9da9-5b6d-a7e3-87e0be932949,2024-10-12,8.00,52.00
S253,ae362223-79ef-5dc4-abd7-51471bd30316,2024-10-12,10.00,41.00
S254,d6aa16e4-1f7d-5b13-8656-05c3e4d2c7e1,2024-10-12,9.00,47.00
S255,971a7268-f1ee-5138-9dd0-9be7d36d76b0,2024-10-12,7.50,40.00
S256,5b89707d-2581-5290-aea8-9a7df5e7b3fc,2024-10-12,9.00,54.00
S257,c866ac8e-f36a-5517-b74d-885fd29a6b9f,2024-10-12,8.50,35.00
S258,2e2dd2c8-741a-5c9f-a778-407e14ae4deb,2024-10-12,8.00,44.00
S259,68c96365-4fcd-5e58-8346-c060342c0bde,2024-10-12,8.00,39.00
S260,3e5c7d15-2d3c-575a-b470-21e17363680f,2024-10-12,8.00,50.00
S261,d3f6127e-4df1-58f3-adda-0f6658b2bca9,2024-10-12,8.00,52.00
S262,2db8e9cb-c6a9-5119-9ca1-0ec52c961cec,2024-10-12,6.75,41.00
S263,3e94b7c7-acf8-5eb7-8a5d-61beb92ed05f,2024-10-12,6.00,47.00
S264,81f06ace-6312-5148-88b7-f342d229b0d8,2024-10-12,5.50,40.00
S265,0de24020-fafb-5666-865e-e41b3e79e02a,2024-10-12,8.00,54.00
S266,af2a2001-8421-55b8-b416-05c0a0f8e486,2024-10-12,4.00,35.00
S267,adeb6b3c-c7d7-56c8-8ad9-19ef4a70f229,2024-10-12,6.00,44.00
S268,f5a7bd05-b981-59ef-85b1-d74e00988f2f,2024-10-12,8.00,39.00
S269,39390b76-670d-5f4f-7f5e-a8855c5f7771,2024-10-12,8.00,50.00
S270,adbc16a1-fad3-5f20-af25-4b37b7492519,2024-10-12,8.00,52.00
S271,4d233ed0-7e5e-5c02-b9ce-5956e8475620,2024-10-12,10.00,39.00
S272,3661c520-c7e9-53de-b2f1-e968a2074e32,2024-10-12,9.00,50.00
S273,717f5928-dc49-5fba-bce2-31e195321995,2024-10-12,7.50,52.00
S274,1a6ebc53-ab5f-590d-968f-00373f1fce74,2024-10-12,9.00,41.00
S275,97020448-b451-587f-86f8-3189c64de6ae,2024-10-12,8.50,47.00
S276,fe5de733-ecaa-5388-9d3e-e77e6b61a26a,2024-10-12,8.00,40.00
S277,759d73a7-42be-5855-b6f7-e37895ac3658,2024-10-12,8.00,54.00
S278,6674285a-d921-5d32-aca1-f82a0a87a596,2024-10-12,8.00,35.00
S279,a00b561d-a237-540f-a8ee-82bb676fac9a,2024-10-12,8.00,44.00
S280,6a631b5a-8f91-5242-98c1-0e23fb39c7c5,2024-10-12,6.75,39.00
S281,cf9eeed1-a82b-5bfe-add0-11ed5cd7355d,2024-10-12,6.00,50.00
S282,7277a14e-77d9-50bf-97de-7a7bc76c23de,2024-10-12,5.50,52.00
S283,89a0ad8b-383b-594f-9d6f-c694bff8ee38,2024-10-12,8.00,41.00
S284,1d89735d-dc25-59a6-b952-c9901eb80967,2024-10-12,8.00,47.00
S285,507a6fb9-901a-55e9-b3b4-b4b94c8feeec,2024-10-12,8.00,40.00
S286,0d26694e-ff16-5012-8f7c-d8b42e834514,2024-10-12,8.00,54.00
S287,491c2f86-02cf-5a8d-aef8-7910d67ff7c3,2024-10-12,10.00,35.00
S288,e4e1d2d8-7074-575f-8279-84fdecc04fa2,2024-10-12,9.00,44.00
S289,03d7121c-2e23-5655-a493-1aa49de04439,2024-10-12,7.50,39.00
S290,e83ff5e5-a250-5b0e-bddd-881ff424cb18,2024-10-12,9.00,50.00
S291,ee9e05d4-3ef7-5d31-ab04-b4e1f22eb6e4,2024-10-12,8.50,52.00
S292,2c48e4bf-ee6c-5a46-9121-c2de10e42dcf,2024-10-12,8.00,41.00
S293,e8c6a961-a787-5719-9556-c7559bcaaafd,2024-10-12,8.00,47.00
S294,2c62349d-4f83-52ca-a5a2-71051adf7656,2024-10-12,8.00,40.00
S295,61c50781-bcb7-5d54-ac87-5cff803d37f1,2024-10-12,8.00,54.00
S296,d9873928-2b09-5266-b78e-45550c951d1d,2024-10-12,6.75,35.00
S297,adaaeca6-5f8b-5774-ba07-c5a1b0242bc8,2024-10-12,6.00,44.00
S298,28696f74-a78a-5d82-8946-4f4535afc675,2024-10-12,5.50,39.00
S299,a38b7399-013f-5998-b8df-8017b2da20c9,2024-10-12,8.00,50.00
S300,8882baa7-1130-5d73-9ff5-e6290100dc7d,2024-10-12,4.00,52.00
S301,57b62405-d1dc-5449-891a-b2e245eee4ca,2024-10-12,6.00,39.00
S302,eb40a60f-420d-5f7e-9669-a6f4ca32bfac,2024-10-12,8.00,50.00
S303,102b58f4-b34c-5eff-a0a4-5abc7cb2c28b,2024-10-12,8.00,52.00
S304,b380e575-4669-5384-b125-caba0a6c84d3,2024-10-12,8.00,41.00
S305,1025385b-c8b6-5cbf-a4bf-40d0d3260d9b,2024-10-12,10.00,47.00
S306,a650f54e-7542-5ab7-a8a2-eb9e3d00e19c,2024-10-12,9.00,40.00
S307,6dca09c0-b2c1-54fd-810e-0bc4466b2a7f,2024-10-12,7.50,54.00
S308,64a7b93c-8ed2-5f4a-abf1-452343bd3eb2,2024-10-12,9.00,35.00
S309,d0a9dda2-8a44-57e4-b77a-97b8a21f5b02,2024-10-12,8.50,44.00
S310,46c637aa-7733-590b-b595-f23a87d06e3b,2024-10-12,8.00,39.00
S311,95c1a078-c22f-5eb0-803e-db1dba91b0cb,2024-10-12,8.00,50.00
S312,fb53e336-6870-550f-9b0e-38625bc29f7a,2024-10-12,8.00,52.00
S313,85165326-d2be-5c57-bc37-4a5533864928,2024-10-12,8.00,41.00
S314,1736d1f3-38bc-53d1-99c9-32d8625d5a87,2024-10-12,6.75,47.00
S315,56b08c83-2af0-51b5-a027-d1d617365d9e,2024-10-12,6.00,40.00
S316,7e37edae-d9d7-5275-9720-65208f296ad5,2024-10-12,5.50,54.00
S317,10bb5ad2-fbc7-51f0-b93a-6eba769aad31,2024-10-12,8.00,35.00
S318,d0b17986-48ee-52ab-b3e8-28f1db0189bd,2024-10-12,8.00,44.00
S319,9c435bd1-bb48-5911-8ef4-8ad71ac8092c,2024-10-12,8.00,39.00
S320,845637cb-e53f-5d8f-8370-bb327778d7c7,2024-10-12,10.00,50.00
S321,53fe77b1-fde8-5c62-89af-bbe6b384e330,2024-10-12,9.00,52.00
S322,3355ab6f-68c3-5108-a8c5-55aefb8f77f2,2024-10-12,7.50,41.00
S323,2b14eefb-f675-594e-a176-e2c2c28ea537,2024-10-12,9.00,47.00
S324,7f713765-6bcd-5753-8a80-891e7b4d560e,2024-10-12,8.50,40.00
S325,3c80d9de-179e-530e-b9c5-6269da50c45c,2024-10-12,8.00,54.00
S326,ada4e4c5-e71a-5791-a7e2-f20716632465,2024-10-12,8.00,35.00
S327,a09ad3e7-123e-5452-8464-2acc6471dc33,2024-10-12,8.00,44.00
S328,caffe4ce-b959-50d6-ad36-759cb5a5d1d1,2024-10-12,8.00,39.00
S329,890e2ddf-05c6-549f-a952-aa79b6cff339,2024-10-12,6.75,50.00
S330,60dacf82-a138-5047-8f5d-a29160185492,2024-10-12,6.00,52.00
S331,a6298465-4866-520f-bd59-357d58e7a3bd,2024-10-12,5.50,39.00
S332,879a7324-1a50-578c-a712-98fe33d08953,2024-10-12,8.00,50.00
S333,71c0f455-7855-5db9-91c6-d482cc4841f0,2024-10-12,4.00,52.00
S334,3a1c2709-f159-5725-9582-9ffa832fbf6e,2024-10-12,6.00,41.00
S335,11d7a175-5930-526f-a57d-a36f2e2d43cf,2024-10-12,8.00,47.00
S336,94c64b89-7bf6-5dcd-9cd8-6065854ea9fe,2024-10-12,8.00,40.00
S337,08b7954e-1b71-51b1-aa27-5d03e641be83,2024-10-12,8.00,54.00
S338,ecb4aebf-9faa-571e-b032-46676b0d16c4,2024-10-12,10.00,35.00
S339,bb1e5da2-383d-5d3b-b59b-a05d8bf8c644,2024-10-12,9.00,44.00
S340,b2770ac5-46df-5cbd-a6ea-00515d3fde96,2024-10-12,7.50,39.00
S341,203b753d-cbf8-5e68-9943-908389833c0a,2024-10-12,9.00,50.00
S342,0e16087b-e4c8-55d5-8432-b666b74c566c,2024-10-12,8.50,52.00
S343,78af9e6d-0490-50ef-a907-c5869f18ee68,2024-10-12,8.00,41.00
S344,8df53c62-1fcf-5492-8562-c8685bf90293,2024-10-12,8.00,47.00
S345,1384e04c-b39f-5998-93df-5a4e6fb3dbd0,2024-10-12,8.00,40.00
S346,c84bc20a-2d90-5c14-a10d-ca43cee8e967,2024-10-12,8.00,54.00
S347,165c5de4-7223-5601-9d88-c87831090f16,2024-10-12,6.75,35.00
S348,dd0181bf-fb31-5b17-9362-8547dca55001,2024-10-12,6.00,44.00
S349,dfd8bc99-2934-5787-8d9d-163149c2b11f,2024-10-12,5.50,39.00
S350,8eb3cc3d-5785-54e4-9c03-249730390ccb,2024-10-12,8.00,50.00
S351,033a01c0-271b-51f3-8b3b-8ccc97dad959,2024-10-12,8.00,52.00
S352,70d84c56-2428-5214-8fb8-12ab72c8de0c,2024-10-12,8.00,41.00
S353,5d7a33d3-88ae-568a-a306-c4d15315c19b,2024-10-12,8.00,47.00
S354,51955c88-a7b3-5873-9d37-3815204b930e,2024-10-12,10.00,40.00
S355,c152623e-186e-5fef-8a75-e65456f2a496,2024-10-12,9.00,54.00
S356,e148df2b-7be8-5ba5-8a5f-2c71a362afd3,2024-10-12,7.50,35.00
S357,540fdba5-2ea1-50a6-87d8-aabac4b6611e,2024-10-12,9.00,44.00
S358,40f248ba-59c2-523b-93a0-279ab05a2c28,2024-10-12,8.50,39.00
S359,ea339d51-206d-5110-af05-237657eaa93e,2024-10-12,8.00,50.00
S360,f9d65351-8ad8-56f6-b860-dd6ca2928480,2024-10-12,8.00,52.00
S361,cfef4656-03b5-5870-8a86-f59c3fe35a33,2024-10-12,8.00,39.00
S362,1ebbdaad-b343-5e13-81de-bcb3d116c72c,2024-10-12,8.00,50.00
S363,9744d4b8-65fb-55fd-b196-f4604c33f4c3,2024-10-12,6.75,52.00
S364,5445b78e-6ff2-562b-84ba-bfe09b6ce2be,2024-10-12,6.00,41.00
S365,afc61556-640d-5efe-af3b-28f0bb4b7e7e,2024-10-12,5.50,47.00
S366,311ee1ca-e12d-5a54-803d-4a2f26c15b07,2024-10-12,8.00,40.00
S367,6f5161f1-3c57-53e1-a200-9918dd9a8d37,2024-10-12,4.00,54.00
S368,13059693-0f01-543b-816b-e5ec50d20265,2024-10-12,6.00,35.00
S369,6cb92ddc-1117-549b-9b44-ec4b17d147c9,2024-10-12,8.00,44.00
S370,f38c8826-da2b-540c-8b0e-34197fdeaa59,2024-10-12,8.00,39.00
S371,cb0cd38b-0127-5f39-8749-b7e4ec1a576b,2024-10-12,8.00,50.00
S372,13f22d54-6142-5583-b20c-71f42fb65e67,2024-10-12,10.00,52.00
S373,f69cee4a-83c6-5ac1-855c-b42ee36ba5d6,2024-10-12,9.00,41.00
S374,4685737e-57fb-543d-9abf-20db3e4374eb,2024-10-12,7.50,47.00
S375,fa362ed5-ca58-5f51-918e-c1e91c7190fb,2024-10-12,9.00,40.00
S376,d3fd4846-2402-5644-8781-2d00aab8a4cc,2024-10-12,8.50,54.00
S377,57b3bd20-521f-5a25-beaa-1c2186654737,2024-10-12,8.00,35.00
S378,9da2de77-db78-5fd1-9b29-fc87b82c32a9,2024-10-12,8.00,44.00
S379,1fa7a981-82f1-57d5-808f-226ad0c72dec,2024-10-12,8.00,39.00
S380,b721df5d-aba8-5103-9a96-6bb2592cfd3d,2024-10-12,8.00,50.00
S381,88f652e7-40e7-5520-876c-e50f3cc7a8f1,2024-10-12,6.75,52.00
S382,eb13da43-6af0-535c-9e0d-ded9c203b99f,2024-10-12,6.00,41.00
S383,29a45695-f7b5-5a78-b7c6-15d6bcf52398,2024-10-12,5.50,47.00
S384,178a9142-6c95-5aee-aa85-9acf5e4c4436,2024-10-12,8.00,40.00
S385,cbc2c042-62b0-53d9-8c13-c54e85ca7610,2024-10-12,8.00,54.00
S386,f54407d0-fd68-5d15-b0a6-1fdb371d6599,2024-10-12,8.00,35.00
S387,0f975a74-7c7a-5d17-7fd1-23d1cdd792cb,2024-10-12,10.00,44.00
S388,ca12d0fc-8a8e-59e4-9fd6-7b8bfeaee877,2024-10-12,9.00,39.00
S389,44991ab4-88f8-5659-7fb1-d863933218ab,2024-10-12,7.50,50.00
S390,1cd2b887-4e5c-5fa6-939b-beef4af9f0b2,2024-10-12,9.00,52.00
S391,7f1c082c-a1a6-54d1-870c-88df99608001,2024-10-12,8.50,35.00
S392,4bc9bfc8-3310-5b09-a364-b25b9800e9bb,2024-10-12,8.00,44.00
S393,9393114f-ee61-5ec9-b4a7-10d085b456ac,2024-10-12,8.00,39.00
S394,3f4c6885-b092-5e45-be3f-faa05918ee29,2024-10-12,8.00,50.00
S395,376d5b5c-f8e2-5296-8037-76e2e2b3af82,2024-10-12,8.00,52.00
S396,54550471-3776-56e0-815c-cb09f4d7b24d,2024-10-12,6.75,41.00
S397,78c9c764-9ab5-5f99-af62-66958da47819,2024-10-12,6.00,47.00
S398,4c8d2d91-25ce-5b2a-a7db-c9e1974780ba,2024-10-12,5.50,40.00
S399,46ae89ae-3a9f-55b1-bd94-f9913fa7e7c4,2024-10-12,8.00,54.00
S400,d880b75e-cf57-5abb-963c-9cbed2888433,2024-10-12,4.00,35.00
S401,a37238ff-622f-5e00-8bff-2118d0298aba,2024-10-12,6.00,44.00
S402,03510827-4e57-515c-a9fa-a96407b6cdb2,2024-10-12,8.00,39.00
S403,e2b2c19c-034b-5022-b7e4-0b8b0e3a7f1f,2024-10-12,8.00,50.00
S404,c66d88ca-a9df-564c-a42a-dfc5bd74e591,2024-10-12,8.00,52.00
S405,7b6be94c-70d5-56c9-ad9e-51847065bb29,2024-10-12,10.00,41.00
S406,5bed219a-c62d-57d1-944a-249296936538,2024-10-12,9.00,47.00
S407,61e217bd-5d4f-55ea-7f06-47457224ff60,2024-10-12,7.50,40.00
S408,64bba0fa-5484-5acd-aa84-77e1268c65a5,2024-10-12,9.00,54.00
S409,31fcc08c-c603-5949-827c-07c387d46c16,2024-10-12,8.50,35.00
S410,56bc7b5c-9175-5d51-a8d0-345dd03f7ba8,2024-10-12,8.00,44.00
S411,17e0a962-05d9-5ed9-9a17-bbf077accab2,2024-10-12,8.00,39.00
S412,b004cd37-4d2b-5c41-a9c2-e19355869243,2024-10-12,8.00,50.00
S413,18ca850b-e6ee-5e5f-b54f-c75a83ec4bfe,2024-10-12,8.00,52.00
S414,9506ffb6-9ee9-5ffb-8941-f14fd3180632,2024-10-12,6.75,41.00
S415,67a1cd3e-ff7e-55da-b509-7c377f06a15f,2024-10-12,6.00,47.00
S416,7dc3dc03-81d5-537a-9c4c-735a9c01d7ce,2024-10-12,5.50,40.00
S417,755e8fd5-101c-58f9-bc28-72582f231154,2024-10-12,8.00,54.00
S418,2ccee654-f1a2-5f48-989c-83404fe98d67,2024-10-12,8.00,35.00
S419,57f14dd0-bdb0-5f51-a2bb-a71d82b34a12,2024-10-12,8.00,44.00
S420,370b32e1-81b9-5663-ad73-10f2e842a04f,2024-10-12,8.00,39.00
S421,26edee84-cc6b-5766-9f22-fcfcb1a6da5e,2024-10-12,8.00,50.00
S422,e5e4542c-c1dd-5da9-9018-d8b7916d46c3,2024-10-12,8.00,52.00
S423,90fed8b2-0256-5621-a4a5-6e15ae490105,2024-10-12,8.00,41.00
S424,57359304-8d16-5b13-8bde-8784e06022b2,2024-10-12,8.00,47.00
S425,02f76b28-b283-50a4-be21-54f011bbd7e6,2024-10-12,8.00,40.00
S426,dfc5cce8-2e95-55ed-b8f4-03f60e7a4f82,2024-10-12,8.00,54.00
S427,f3705e50-501c-5bfa-aa15-b77fb76659e5,2024-10-12,8.00,35.00
S428,7908047e-bf82-539b-8365-4a333d711fa4,2024-10-12,8.00,44.00
S429,537373cb-1fc0-5721-82e8-ae96461533d2,2024-10-12,8.00,39.00
S430,cf0f505e-4c2d-56c6-afee-b849c67581c8,2024-10-12,8.00,50.00
S431,4c10a135-d90f-5f8e-aab5-80b08f39d7c7,2024-10-12,8.00,52.00
S432,b512c1a9-5eb9-59e8-8ae9-d7118b69eaa8,2024-10-12,8.00,41.00
S433,bc960a08-2b1a-52a2-b5fa-6da4be1871a4,2024-10-12,8.00,47.00
S434,9868d387-c7da-5b49-99ca-f7104647416c,2024-10-12,8.00,40.00
S435,7b4288c0-d21f-5880-aeaa-bc8e97bd7e5e,2024-10-12,8.00,54.00
S436,d41f2f0f-563f-5a04-b242-f2d1da27d948,2024-10-12,8.00,39.00
S437,cf6a9abb-e804-5ddb-8b9b-d93081522f9d,2024-10-12,8.00,50.00
S438,81f6efce-8f51-5951-aaee-73ab2ab62bad,2024-10-12,8.00,52.00
S439,5ac1f5e5-28b7-5a9c-a6e1-8354e2df201e,2024-10-12,10.00,41.00
S440,b8f1d9cd-bf78-574d-affd-ed376edc376f,2024-10-12,9.00,47.00
S441,70766e74-91ac-5068-a028-8f03a9a5de79,2024-10-12,7.50,40.00
S442,d026fdb7-b4d0-53be-b1cb-08fb6fcb4bd6,2024-10-12,9.00,54.00
S443,b7a66f8d-0668-54e1-840e-210e50566ae9,2024-10-12,8.50,35.00
S444,fb32811a-2cf0-5bc3-9e98-60ec696ca38d,2024-10-12,8.00,44.00
S445,fb5fbabe-b86a-571d-910e-441672232da8,2024-10-12,8.00,39.00
S446,363e23d9-0fd4-51c2-9810-a770dcd7f0af,2024-10-12,8.00,50.00
S447,bd214b15-de1a-5eb8-83ef-6be0d0770f99,2024-10-12,8.00,52.00
S448,fd1d0ede-1450-5bf4-be18-ab5f5b6c899f,2024-10-12,6.75,41.00
S449,5fcc2f8c-542c-5c23-96f2-76c67d2c1ad9,2024-10-12,6.00,47.00
S450,f8404bec-043f-5f55-b815-c9ac237f35b5,2024-10-12,5.50,40.00
S451,a5d167af-c064-53b5-a7e9-b4914ce9c1b4,2024-10-12,8.00,54.00
S452,bc8de289-8037-5599-b48a-04ecf44cbd69,2024-10-12,4.00,35.00
S453,892a32c4-230f-51dd-aaf3-4de878e3c6b1,2024-10-12,6.00,44.00
S454,6886f819-370d-566a-85f1-4f0f46b306f1,2024-10-12,8.00,39.00
S455,7e4808d2-a478-54a0-b1c0-4f29b283fd55,2024-10-12,8.00,50.00
S456,0c2b987a-ef34-5774-be43-120b6d19509b,2024-10-12,8.00,52.00
S457,9b097a80-7f12-5264-9050-eecb4b34d356,2024-10-12,10.00,41.00
S458,10f295cd-37e4-547b-994c-4e847627f904,2024-10-12,9.00,47.00
S459,c862ab2b-a5fb-547f-90aa-db18492c6212,2024-10-12,7.50,40.00
S460,7f22dac7-a775-5fdc-81aa-793918bd7030,2024-10-12,9.00,54.00
S461,b961480d-8137-51a8-a41d-92c5790442a3,2024-10-12,8.50,35.00
S462,33c0f125-5593-56c3-96ee-9ec4841b4af1,2024-10-12,8.00,44.00
S463,26687d9a-5316-58b9-893c-965141f3153d,2024-10-12,8.00,39.00
S464,8b4b6a24-8dab-5fd7-94b7-a462da6617a3,2024-10-12,8.00,50.00
S465,4a9d6ce4-929d-5d34-971f-7e6d4136b164,2024-10-12,8.00,52.00
S466,e23db4cb-fd1b-5693-bb68-1e18d9f780c0,2024-10-12,6.75,39.00
S467,2076f4b2-7bad-5ad7-92ca-b82a9fc41513,2024-10-12,6.00,50.00
S468,9244214f-bfd2-594b-b793-a67fd9679eb7,2024-10-12,5.50,52.00
S469,ee4b1ba4-5c38-5dcf-af20-875f6ee5bb8b,2024-10-12,8.00,41.00
S470,e3d01a26-40d4-5da8-a33a-a1ed3d475d4a,2024-10-12,8.00,47.00
S471,d995c0ef-41a2-545c-a015-16d3412ac6ec,2024-10-12,8.00,40.00
S472,1326d53c-b14d-5fc8-820e-966afd17efd9,2024-10-12,10.00,54.00
S473,08dd50f1-75a4-5f9f-af2a-7510241c35a0,2024-10-12,9.00,35.00
S474,1c0db240-169d-5520-882a-46687191cbb3,2024-10-12,7.50,44.00
S475,e167b17e-5e12-5543-a593-46a5beeb7835,2024-10-12,9.00,39.00
S476,7551bd70-70b9-503c-bace-ea4202c7b827,2024-10-12,8.50,50.00
S477,66414f99-fa8a-5f5a-b0fa-6bc17f59a0d1,2024-10-12,8.00,52.00
S478,07b38b9a-e882-58df-ae76-650ed597cb5b,2024-10-12,8.00,41.00
S479,501c7b41-2c63-59f2-a552-30959dd6ff63,2024-10-12,8.00,47.00
S480,cc567d69-f2a1-511a-80a3-2748b6e7601d,2024-10-12,8.00,40.00
S481,cb29494e-6b41-5b60-9e7c-574844f3d7af,2024-10-12,6.75,54.00
S482,28c0a476-a579-5202-8c88-dda25a0fbea9,2024-10-12,6.00,35.00
S483,1a878cc7-ff68-5b28-bcc3-379431c1dc71,2024-10-12,5.50,44.00
S484,3162c007-929e-571b-8cc6-63abca08d81d,2024-10-12,8.00,39.00
S485,d60bc606-e196-5198-b4ed-928f47c9758d,2024-10-12,4.00,50.00
S486,ccbbeefc-79f6-5424-9be5-eec228321d0d,2024-10-12,6.00,52.00
S487,3b328546-5f35-535c-a554-392e43550070,2024-10-12,8.00,41.00
S488,235dbf77-184a-531a-9d0b-f60954f2aa92,2024-10-12,8.00,47.00
S489,29112dc8-5c0b-5b03-acc5-e098ae7000ef,2024-10-12,8.00,40.00
S490,2b775e2b-2ea4-59e8-9ea7-1d7ab3060033,2024-10-12,10.00,54.00
S491,fe4af15e-dcb1-5066-a31f-ea18ae6443c4,2024-10-12,9.00,35.00
S492,d480554f-5fe2-5d00-ad35-4dfa024bbe90,2024-10-12,7.50,44.00
S493,bca1dd1d-e196-512a-95ea-9904e57949ce,2024-10-12,9.00,39.00
S494,57c852c8-ee4c-5adc-b77e-2651772e7eb2,2024-10-12,8.50,50.00
S495,2cc6b254-f420-5ae5-83ea-e04dcff6e2cb,2024-10-12,8.00,52.00
S496,d6d55274-a3a4-5476-7f4b-17c70b1f401c,2024-10-12,8.00,39.00
S497,a80a74f6-6153-573d-8e2e-c7affa570255,2024-10-12,8.00,50.00
S498,9c3605c1-8d5e-5876-9c40-e87e1de21f87,2024-10-12,8.00,52.00
S499,1fde5007-8010-5ba1-b43a-6418275ae3ed,2024-10-12,6.75,41.00